latitude,longitude,scan,track,confidence,frp,daynight,Class,source
58.38533,-119.93111,0.61,0.71,66,5.87,0,1,0
58.011,-119.7003,2.4,1.5,100,228.5,0,1,1
56.0206,-109.2479,4.1,1.9,92,332.9,1,1,1
59.75431,-115.24946,0.49,0.4,100,58.4,0,0,0
53.0059,-95.084,1.9,1.4,50,20.5,1,0,1
58.3912,-121.65678,0.38,0.36,66,2.31,0,1,0
58.5002,-118.533,2.3,1.5,80,32.8,0,0,1
59.3142,-123.2715,1.0,1.0,92,48.1,1,1,1
59.3142,-121.47488,0.5,0.49,66,6.5,0,0,0
59.31752,-121.9415,0.39,0.36,66,1.35,0,1,0
61.02441,-112.31711,0.49,0.4,66,31.23,1,1,0
55.9464,-103.7229,1.5,1.2,0,330.0,1,1,1
59.5558,-112.7767,1.8,1.3,61,12.3,1,1,1
58.5995,-118.3396,2.2,1.4,81,44.6,0,1,1
59.49677,-114.09194,0.45,0.39,66,2.44,0,0,0
56.88226,-119.66486,0.61,0.53,66,5.18,0,0,0
60.57544,-119.56606,0.47,0.48,66,7.61,1,0,0
55.9291,-104.4409,1.1,1.0,100,29.4,0,1,1
58.8553,-120.4494,2.0,1.4,100,79.9,0,0,1
59.8532,-112.0142,1.9,1.3,95,131.4,1,1,1
58.5295,-118.0795,1.9,1.4,100,605.8,0,1,1
58.69378,-118.11108,0.38,0.43,66,9.74,0,0,0
54.7679,-123.9124,1.3,1.1,100,103.7,0,1,1
58.77224,-120.84219,0.55,0.68,66,4.3,0,1,0
58.9968,-120.1496,1.0,1.0,79,18.1,1,1,1
57.52895,-120.40588,0.44,0.46,66,3.78,0,0,0
61.05599,-112.12405,0.34,0.56,66,3.68,0,1,0
54.5829,-123.5159,1.3,1.1,100,196.0,0,1,1
59.34324,-121.59111,0.5,0.66,66,7.34,0,1,0
58.49793,-120.25774,0.45,0.47,66,2.59,0,0,0
59.84835,-113.565,0.47,0.4,66,1.67,0,1,0
58.99506,-120.78396,0.47,0.48,66,2.79,0,0,0
61.2054,-119.6721,2.2,1.5,100,613.6,0,1,1
60.16951,-117.83875,0.39,0.37,66,0.93,0,1,0
59.3835,-123.0411,3.4,1.7,62,65.2,0,0,1
58.64437,-118.30877,0.4,0.37,66,4.27,0,1,0
58.7564,-117.9772,2.2,1.4,14,16.7,0,0,1
56.87407,-119.35246,0.74,0.76,100,18.83,0,1,0
59.34691,-123.33198,0.42,0.38,66,4.07,1,1,0
55.92178,-104.43198,0.5,0.41,66,3.84,0,1,0
58.6767,-118.068,2.5,1.5,100,4129.2,0,1,1
58.2078,-118.7011,2.2,1.4,70,71.9,0,1,1
58.1435,-119.7207,2.5,1.5,100,206.9,0,1,1
58.7103,-121.1715,1.8,1.3,92,41.6,0,0,1
56.3908,-108.983,4.0,1.9,50,52.0,1,0,1
58.74967,-120.73697,0.38,0.36,100,9.78,0,1,0
58.3119,-120.1536,2.4,1.5,37,15.0,0,0,1
59.7614,-114.4806,3.5,1.8,82,94.7,0,0,1
60.29364,-118.01096,0.51,0.5,66,2.04,0,0,0
58.77184,-119.97532,0.44,0.46,66,12.8,0,0,0
59.19594,-120.47128,0.48,0.48,66,13.44,0,0,0
59.6902,-115.2938,1.4,1.2,39,36.4,1,1,1
58.64997,-118.37746,0.58,0.52,100,19.11,0,0,0
59.4169,-111.31475,0.44,0.62,66,1.09,0,0,0
58.70339,-120.63805,0.38,0.36,66,9.63,0,1,0
58.59753,-118.31751,0.58,0.52,66,8.35,0,0,0
58.6414,-121.2131,1.8,1.3,24,24.7,0,0,1
58.21698,-120.70194,0.46,0.47,66,5.65,0,0,0
58.39695,-119.7878,0.43,0.46,66,4.18,0,0,0
60.18007,-112.29293,0.42,0.38,66,11.37,0,0,0
60.57941,-120.47775,0.43,0.46,66,1.89,0,0,0
58.28312,-118.51801,0.59,0.53,66,7.75,0,0,0
59.3623,-112.9784,1.2,1.1,100,40.3,0,1,1
61.06784,-112.28243,0.47,0.4,66,2.06,0,1,0
58.73855,-118.01178,0.4,0.37,66,16.51,0,1,0
58.0918,-113.4336,2.9,1.6,94,233.6,1,1,1
58.6139,-117.9316,2.5,1.5,43,21.7,0,0,1
58.28843,-119.63333,0.42,0.46,66,6.19,0,0,0
58.2756,-120.0814,2.5,1.5,48,51.3,0,0,1
61.05273,-112.15919,0.47,0.4,66,3.19,0,1,0
58.8617,-120.4621,2.7,1.6,84,89.4,0,0,1
58.2469,-118.42046,0.4,0.37,100,10.65,0,1,0
58.94672,-120.97273,0.68,0.74,66,6.83,0,1,0
43.5915,-80.5586,1.1,1.1,54,4.8,1,0,1
60.97775,-111.36881,0.45,0.63,66,11.65,1,0,0
59.37055,-123.06416,0.39,0.36,66,5.04,0,1,0
58.5476,-118.1695,2.0,1.4,100,238.2,0,1,1
58.12629,-119.86583,0.39,0.36,66,3.41,0,1,0
59.0109,-120.9543,2.4,1.5,48,58.6,0,0,1
58.76184,-120.78078,0.47,0.48,66,4.36,0,0,0
59.672,-114.5354,3.5,1.8,87,90.4,0,0,1
58.7281,-118.3331,2.4,1.5,100,93.6,0,0,1
58.6891,-120.15,2.3,1.5,100,252.9,0,1,1
59.77465,-115.23704,0.32,0.55,66,6.5,0,0,0
58.39263,-117.99609,0.56,0.43,66,3.24,0,0,0
58.9415,-120.9882,1.6,1.3,35,32.1,0,1,1
60.02973,-115.94526,0.51,0.41,66,1.28,0,0,0
61.1264,-121.0735,2.0,1.4,58,23.7,0,0,1
56.1485,-108.1153,2.5,1.5,52,58.8,1,0,1
58.67966,-120.97176,0.55,0.68,66,8.02,0,0,0
58.14455,-113.39914,0.36,0.58,100,20.07,0,1,0
58.6003,-117.9298,2.5,1.5,27,17.0,0,0,1
58.72694,-118.16304,0.4,0.37,66,2.26,0,1,0
58.82451,-118.13949,0.38,0.44,66,2.85,0,0,0
58.62978,-118.25743,0.58,0.52,66,7.49,0,0,0
54.7738,-123.9284,3.6,1.8,83,97.0,0,1,1
57.6728,-120.6174,1.9,1.3,18,35.7,0,0,1
58.6848,-121.197,1.8,1.3,100,58.5,0,0,1
55.4378,-123.5932,1.3,1.1,100,33.2,0,0,1
58.3174,-119.4148,2.2,1.4,100,502.3,0,1,1
59.5645,-114.4394,0.34,0.56,100,19.45,1,0,0
59.7394,-111.7023,2.2,1.4,43,91.1,1,1,1
60.9618,-112.4349,4.3,1.9,27,64.2,0,0,1
55.9587,-125.133,1.1,1.0,93,50.5,1,1,1
59.7817,-111.6638,1.3,1.1,48,12.8,0,1,1
58.68187,-120.74313,0.38,0.36,66,3.93,0,1,0
58.23414,-113.33793,0.52,0.41,66,1.75,0,1,0
59.6404,-114.5352,3.5,1.8,100,178.3,0,0,1
58.0769,-113.4034,1.4,1.2,100,420.6,0,1,1
58.66085,-120.97455,0.38,0.36,66,3.41,0,1,0
59.4269,-114.068,1.3,1.1,61,14.3,0,1,1
58.7377,-121.1148,1.8,1.3,100,330.4,0,1,1
58.7437,-121.019,1.9,1.3,57,52.5,0,0,1
58.2966,-119.3384,2.2,1.4,100,55.9,0,1,1
54.54741,-123.58368,0.38,0.36,66,1.12,0,1,0
60.73181,-120.21065,0.43,0.46,66,1.32,0,0,0
55.4479,-123.5955,1.3,1.1,95,29.0,0,0,1
60.2747,-117.8243,2.6,1.6,77,40.5,0,0,1
55.9234,-103.7527,4.0,1.9,0,27.3,1,0,1
58.39574,-121.59536,0.5,0.49,66,12.2,0,0,0
58.30862,-120.63612,0.39,0.36,66,3.22,0,1,0
58.73456,-121.55573,0.46,0.47,66,3.47,0,0,0
58.08881,-113.38505,0.52,0.42,66,16.21,0,1,0
58.70932,-120.5346,0.39,0.36,66,55.46,0,1,0
58.6109,-118.352,2.4,1.5,100,344.4,0,1,1
57.6351,-120.5437,1.9,1.3,67,55.0,0,1,1
58.6042,-117.9681,2.1,1.4,35,39.5,0,0,1
58.58979,-118.14747,0.38,0.43,66,2.15,0,0,0
58.4886,-121.8166,1.6,1.2,100,90.3,0,1,1
58.2864,-118.5219,2.1,1.4,100,146.4,0,1,1
58.45245,-118.274,0.4,0.37,66,2.67,0,1,0
58.32729,-119.38262,0.39,0.36,66,4.65,0,1,0
60.9643,-112.4427,4.3,1.9,27,53.2,0,0,1
58.36867,-119.53593,0.39,0.36,66,9.05,0,1,0
59.3185,-121.6488,1.5,1.2,31,40.3,0,1,1
60.89777,-112.40958,0.47,0.4,66,2.06,0,1,0
58.8785,-120.4589,1.7,1.3,28,33.9,0,0,1
59.40448,-123.1314,0.45,0.63,66,3.07,0,1,0
58.5425,-118.4644,2.0,1.4,100,1847.4,0,1,1
59.7831,-115.9553,1.5,1.2,100,91.4,0,1,1
58.63461,-121.72823,0.38,0.36,66,2.83,0,1,0
60.15152,-111.4876,0.5,0.41,66,12.11,1,1,0
57.0899,-100.2358,1.4,1.2,90,44.9,0,0,1
57.50674,-120.09912,0.39,0.36,66,1.27,0,1,0
59.2092,-120.4357,1.7,1.3,98,116.5,0,1,1
58.7517,-118.3016,2.4,1.5,0,46.3,0,0,1
58.31187,-120.57095,0.39,0.36,66,4.07,0,1,0
58.7432,-118.2936,2.4,1.5,100,189.8,0,0,1
60.7059,-117.2063,2.8,1.6,7,27.5,0,1,1
58.26215,-119.37462,0.64,0.72,66,6.39,0,1,0
58.713,-118.3724,2.4,1.5,95,73.5,0,0,1
56.22849,-101.74682,0.43,0.38,66,1.66,0,1,0
59.72121,-119.68939,0.39,0.36,66,2.25,0,1,0
59.5868,-113.0293,3.0,1.6,100,135.4,0,1,1
58.28334,-119.38589,0.42,0.45,66,4.46,0,0,0
59.0142,-120.9533,2.4,1.5,13,48.7,0,0,1
58.72673,-119.8587,0.44,0.46,66,2.44,0,0,0
61.11472,-112.35564,0.43,0.38,66,17.04,1,0,0
59.31689,-110.71984,0.42,0.38,66,35.38,1,0,0
59.97305,-113.7729,0.46,0.39,66,1.47,0,1,0
58.30611,-118.54343,0.4,0.37,66,4.34,0,1,0
57.61592,-120.43987,0.45,0.47,66,10.58,0,0,0
59.38756,-121.39748,0.44,0.46,66,1.95,0,0,0
59.88745,-112.09001,0.33,0.55,66,0.8,0,1,0
59.30657,-121.50348,0.51,0.49,66,9.82,0,0,0
58.6513,-118.0222,2.5,1.5,100,6015.3,0,1,1
57.34978,-122.05608,0.75,0.77,66,1.96,0,1,0
60.26199,-118.00082,0.53,0.67,66,1.75,0,1,0
59.71703,-119.70681,0.39,0.36,66,1.33,0,1,0
58.7624,-118.0545,2.1,1.4,100,89.3,0,1,1
57.54711,-120.46812,0.54,0.51,66,6.31,0,0,0
58.7847,-117.9857,2.1,1.4,100,62.8,0,0,1
59.274,-122.1404,2.6,1.5,9,36.1,0,0,1
58.2549,-119.4049,2.1,1.4,100,193.0,0,1,1
60.89495,-111.18074,0.41,0.37,66,0.97,0,0,0
60.99807,-112.37395,0.69,0.74,66,6.01,0,1,0
61.08431,-112.29372,0.43,0.38,66,2.35,0,0,0
57.6177,-120.4417,1.9,1.3,100,339.1,0,1,1
59.83781,-110.90607,0.51,0.41,66,9.01,1,1,0
58.058,-113.4151,1.6,1.2,98,138.5,1,1,1
58.24431,-121.76406,0.5,0.49,66,9.86,0,0,0
59.7898,-116.0385,1.4,1.2,58,24.8,1,1,1
59.41719,-114.27624,0.42,0.38,66,7.67,1,1,0
58.696,-118.0159,2.1,1.4,100,234.8,0,1,1
61.504,-111.4311,1.8,1.3,0,110.7,1,1,1
59.6011,-111.6925,1.9,1.4,48,26.2,1,1,1
59.04959,-114.5891,0.53,0.42,66,21.94,1,0,0
61.6322,-110.4756,2.3,1.5,0,30.9,1,0,1
58.12283,-119.82546,0.39,0.36,66,1.69,0,1,0
55.94271,-104.42963,0.47,0.39,66,5.66,0,0,0
58.701,-117.9915,2.5,1.5,100,1488.0,0,1,1
58.0536,-113.4755,1.4,1.2,43,26.2,0,0,1
57.77192,-122.614,0.39,0.36,66,9.88,0,1,0
55.9877,-109.2267,2.4,1.5,100,436.7,1,1,1
58.7449,-120.2123,2.3,1.5,79,24.9,0,0,1
61.2228,-111.98138,0.47,0.4,66,1.63,0,1,0
58.29649,-119.43113,0.39,0.36,66,5.5,0,1,0
57.6387,-113.2385,1.4,1.2,32,10.2,0,0,1
58.05061,-119.76372,0.43,0.46,66,2.83,0,0,0
59.3576,-110.5295,2.2,1.4,0,30.0,1,0,1
58.18522,-113.4635,0.52,0.41,66,9.02,0,1,0
58.6547,-117.937,2.5,1.5,100,63.5,0,0,1
59.0089,-120.5228,2.7,1.6,90,59.4,0,0,1
58.21021,-121.72714,0.5,0.49,66,4.05,0,0,0
58.48641,-118.32069,0.59,0.53,66,6.85,0,0,0
59.4446,-121.559,1.5,1.2,22,12.9,0,1,1
58.1769,-119.4235,2.1,1.4,17,38.3,0,1,1
59.42937,-121.31084,0.5,0.49,66,6.57,0,0,0
55.9538,-125.1377,1.2,1.1,82,77.1,1,1,1
61.2148,-111.9603,2.0,1.4,68,31.2,1,1,1
58.7367,-118.341,2.4,1.5,71,57.8,0,0,1
59.40372,-114.20085,0.46,0.39,66,3.84,0,1,0
61.116,-121.0341,2.0,1.4,100,63.3,0,0,1
58.93228,-120.90373,0.48,0.48,66,7.66,0,0,0
57.64864,-120.3996,0.54,0.51,66,5.23,0,0,0
59.59861,-114.49567,0.4,0.6,66,6.65,0,1,0
59.42877,-114.31693,0.36,0.57,66,3.01,0,0,0
58.12703,-120.63087,0.51,0.49,66,3.49,0,0,0
56.8799,-119.2876,2.5,1.5,75,43.1,0,1,1
57.6521,-120.603,2.6,1.6,72,40.8,0,0,1
58.80184,-118.04816,0.58,0.52,100,35.4,0,0,0
61.20119,-111.97394,0.42,0.38,66,11.58,1,0,0
57.0894,-100.2358,1.1,1.0,67,33.4,1,0,1
57.67221,-120.40733,0.54,0.51,66,9.6,0,0,0
61.1283,-121.037,2.0,1.4,100,202.8,0,0,1
58.1886,-119.4531,2.0,1.4,99,84.9,0,1,1
58.641,-121.0833,1.7,1.3,0,51.9,0,1,1
60.6619,-112.04577,0.43,0.38,66,2.39,1,0,0
58.52021,-118.13142,0.4,0.37,66,2.39,0,1,0
59.37779,-123.14075,0.39,0.37,100,24.61,0,1,0
58.7542,-120.1774,2.3,1.5,98,46.6,0,0,1
58.36386,-119.79508,0.43,0.46,66,3.2,0,0,0
58.78661,-120.89146,0.48,0.48,66,1.66,0,0,0
59.7822,-115.328,3.3,1.7,100,839.0,0,0,1
61.21,-111.9654,1.9,1.4,23,18.0,1,1,1
60.47663,-116.70814,0.55,0.42,66,2.2,0,0,0
58.6394,-117.9779,2.5,1.5,100,131.4,0,0,1
58.6625,-120.4977,1.8,1.3,100,216.7,0,1,1
58.29949,-119.40765,0.39,0.36,66,6.21,0,1,0
58.9986,-120.6684,1.9,1.4,100,146.4,0,1,1
58.7575,-120.9899,1.9,1.3,71,43.2,0,0,1
59.55398,-121.87685,0.42,0.45,66,2.07,0,0,0
61.1221,-121.0642,2.0,1.4,100,74.4,0,0,1
56.5048,-103.31454,0.39,0.36,66,5.26,1,0,0
58.24321,-120.33129,0.39,0.36,66,4.12,0,1,0
54.5715,-123.5971,4.6,2.0,100,1013.9,0,0,1
58.54513,-121.71072,0.51,0.49,66,4.48,0,0,0
60.25724,-115.93259,0.45,0.63,66,1.7,0,1,0
58.32444,-119.66216,0.43,0.46,66,1.88,0,0,0
58.5592,-120.74392,0.49,0.49,66,2.41,0,0,0
58.8266,-118.0515,2.1,1.4,100,78.3,0,0,1
58.13131,-119.73695,0.55,0.51,66,25.16,0,0,0
58.195,-119.7169,2.3,1.5,100,140.2,0,1,1
60.13304,-112.25534,0.32,0.55,66,6.3,1,1,0
58.6949,-117.9627,2.2,1.4,55,34.3,0,0,1
58.46631,-118.40313,0.55,0.68,66,5.83,0,1,0
58.6314,-118.2908,2.0,1.4,100,1138.5,0,1,1
59.0325,-120.9301,2.4,1.5,95,110.1,0,0,1
61.1411,-121.0443,2.0,1.4,100,376.6,0,0,1
59.1893,-112.8405,1.7,1.3,83,64.7,1,1,1
58.54807,-118.23663,0.66,0.73,66,4.74,0,1,0
58.407,-119.7608,1.9,1.3,43,51.9,0,1,1
59.57,-114.4832,1.6,1.2,100,88.0,0,1,1
61.1304,-121.0323,2.0,1.4,100,158.1,0,0,1
58.67,-118.1952,2.1,1.4,100,61.2,0,1,1
61.0194,-112.3599,1.4,1.2,100,105.3,0,1,1
59.31262,-122.99006,0.4,0.44,66,1.56,0,0,0
58.47677,-118.0324,0.41,0.37,100,22.3,0,1,0
57.73389,-120.9011,0.39,0.36,66,1.36,0,1,0
59.47328,-113.94986,0.47,0.4,66,1.73,0,1,0
58.7777,-120.61626,0.47,0.47,100,12.22,0,0,0
58.4743,-121.6478,1.6,1.3,89,44.9,0,1,1
58.58909,-118.1392,0.57,0.43,66,4.31,0,0,0
58.41032,-118.31061,0.39,0.44,66,1.21,0,0,0
57.56179,-120.4635,0.54,0.51,66,4.52,0,0,0
57.5401,-120.3832,2.6,1.5,95,63.8,0,1,1
58.3615,-104.0296,3.9,1.8,83,445.5,1,0,1
58.33216,-120.62043,0.66,0.73,66,9.22,0,1,0
59.382,-114.006,1.5,1.2,27,24.1,0,0,1
59.4565,-113.101,1.2,1.1,100,44.2,0,1,1
59.39277,-121.56141,0.43,0.46,66,4.02,0,0,0
59.47214,-113.94469,0.38,0.59,66,28.37,1,1,0
58.7013,-120.4871,2.7,1.6,100,424.1,0,0,1
59.24998,-120.41169,0.48,0.48,66,1.45,0,0,0
60.66866,-112.06346,0.33,0.56,100,5.55,0,1,0
58.9364,-114.7277,3.0,1.6,64,114.9,1,0,1
58.24677,-119.41157,0.55,0.51,66,21.26,0,0,0
58.63721,-121.54373,0.5,0.49,66,2.31,0,0,0
58.4886,-121.5066,1.8,1.3,96,51.9,0,1,1
59.51159,-113.06437,0.43,0.38,66,5.65,0,0,0
58.56153,-118.0062,0.57,0.43,66,3.32,0,0,0
58.6996,-118.3704,2.4,1.5,76,63.5,0,0,1
61.04687,-112.2541,0.43,0.38,66,7.33,0,0,0
54.7778,-123.9152,1.3,1.1,93,35.5,0,1,1
59.0357,-120.9289,2.4,1.5,94,102.6,0,0,1
58.1265,-118.5737,2.3,1.5,55,37.6,0,0,1
58.36744,-120.60101,0.66,0.73,66,8.2,0,1,0
57.58748,-120.47548,0.39,0.36,66,4.72,0,1,0
58.76941,-120.66498,0.48,0.48,66,21.37,0,0,0
57.7342,-122.676,1.6,1.2,37,15.7,0,1,1
58.56421,-120.8349,0.38,0.36,66,11.09,0,1,0
59.50546,-113.25666,0.48,0.4,66,3.21,1,0,0
58.35862,-119.5508,0.54,0.51,66,1.74,0,0,0
59.3209,-121.523,1.8,1.3,100,620.4,0,1,1
58.7266,-118.05333,0.66,0.73,66,6.46,0,1,0
59.53136,-114.47031,0.46,0.39,66,17.25,0,0,0
61.1273,-121.022,2.0,1.4,84,33.8,0,0,1
58.1679,-121.709,1.7,1.3,95,36.7,0,0,1
58.7218,-118.3802,2.4,1.5,58,58.1,0,0,1
58.0439,-113.4683,1.4,1.2,35,16.4,0,0,1
58.32983,-119.31611,0.39,0.36,100,95.17,0,1,0
59.53153,-114.50288,0.39,0.6,66,4.35,1,1,0
56.0632,-103.6858,1.0,1.0,13,6.2,0,0,1
58.16629,-120.27471,0.61,0.71,100,25.4,0,1,0
58.3493,-104.016,1.0,1.0,0,5.7,1,0,1
59.6947,-114.3553,1.6,1.2,100,383.3,0,1,1
59.64096,-114.13326,0.46,0.39,66,2.2,0,0,0
55.6121,-104.39709,0.38,0.36,66,13.77,1,0,0
59.1087,-120.3764,2.2,1.5,100,332.0,0,1,1
60.86243,-112.32885,0.7,0.75,66,7.15,0,1,0
59.5056,-111.6984,2.2,1.4,54,40.4,1,1,1
58.43698,-118.43504,0.58,0.52,66,4.29,0,0,0
61.07225,-112.39821,0.35,0.56,66,37.82,0,1,0
58.68744,-120.64122,0.49,0.48,100,22.6,0,0,0
57.0774,-100.2476,1.1,1.0,79,44.6,1,0,1
60.8941,-112.2224,2.0,1.4,100,418.3,1,1,1
58.3479,-120.7058,1.9,1.3,34,47.5,0,0,1
58.35351,-119.8241,0.39,0.36,66,2.17,0,1,0
58.62409,-118.18423,0.59,0.53,66,5.48,0,0,0
58.62447,-121.5514,0.38,0.36,66,2.56,0,1,0
58.2439,-119.3665,2.2,1.4,100,119.4,0,1,1
58.653,-117.9796,2.5,1.5,100,248.1,0,0,1
58.6437,-120.5488,2.7,1.6,0,73.0,0,1,1
58.7285,-120.0732,2.6,1.5,100,933.2,0,1,1
58.2976,-118.49731,0.4,0.37,66,1.1,0,1,0
58.22466,-120.68402,0.46,0.47,66,2.16,0,0,0
56.4009,-109.0166,2.3,1.5,74,48.7,1,1,1
59.74871,-112.4313,0.5,0.41,66,2.38,0,1,0
61.0506,-112.5182,4.3,1.9,44,54.8,0,0,1
58.7358,-121.1462,1.8,1.3,100,44.5,0,0,1
58.49532,-118.44614,0.4,0.37,66,2.22,0,1,0
59.59114,-114.44183,0.45,0.39,66,8.68,0,1,0
58.26525,-119.5508,0.42,0.45,66,5.68,0,0,0
58.72471,-118.27927,0.39,0.44,66,7.61,0,0,0
59.5069,-113.9812,1.5,1.2,32,38.1,0,1,1
58.75538,-118.11526,0.65,0.73,66,6.07,0,1,0
59.3259,-121.35547,0.5,0.49,66,5.37,0,0,0
60.97301,-112.37329,0.34,0.56,100,5.38,0,1,0
58.74684,-120.79593,0.38,0.36,66,2.98,0,1,0
60.2289,-118.11024,0.39,0.36,66,1.92,0,1,0
59.44242,-115.74221,0.44,0.63,66,1.01,0,1,0
58.01054,-121.77835,0.5,0.49,66,3.06,0,0,0
58.30522,-119.43993,0.39,0.36,66,4.36,0,1,0
56.035,-103.6177,1.0,1.0,12,8.7,0,1,1
58.3083,-120.1567,2.4,1.5,48,17.4,0,0,1
58.72518,-118.29165,0.4,0.37,100,6.24,0,1,0
58.8286,-118.0265,2.1,1.4,6,14.2,0,0,1
58.3359,-120.7032,1.9,1.3,100,68.5,0,0,1
58.3243,-119.4316,2.0,1.4,100,102.3,0,1,1
58.74555,-119.99943,0.39,0.36,66,0.94,0,1,0
58.6176,-121.0055,2.5,1.5,43,38.2,0,1,1
61.1383,-121.0343,1.4,1.2,99,41.7,0,0,1
59.27338,-113.67838,0.36,0.58,66,22.21,1,0,0
59.68913,-114.34407,0.4,0.6,66,5.74,0,1,0
57.54864,-120.43979,0.45,0.47,66,3.15,0,0,0
58.7201,-121.2057,1.8,1.3,88,37.7,0,0,1
59.7456,-114.4803,3.5,1.8,100,740.5,0,0,1
58.3947,-119.4514,2.2,1.4,57,15.2,0,1,1
58.11338,-119.87189,0.54,0.51,66,3.58,0,0,0
58.3408,-118.5389,2.1,1.4,61,68.8,0,1,1
58.7313,-121.0142,2.8,1.6,29,47.6,0,0,1
58.45036,-118.32834,0.67,0.73,66,5.61,0,1,0
59.417,-121.4563,2.4,1.5,13,32.7,0,0,1
59.45088,-110.91224,0.51,0.41,66,17.7,1,1,0
58.58915,-120.98444,0.48,0.48,66,1.47,0,0,0
58.95552,-120.75134,0.66,0.73,66,5.05,0,1,0
58.3773,-104.1647,3.9,1.8,54,70.8,1,0,1
59.84082,-112.00005,0.42,0.61,66,16.72,1,0,0
59.5988,-115.6472,1.7,1.3,91,133.2,1,1,1
58.62342,-121.15382,0.47,0.48,66,4.35,0,0,0
58.45035,-118.00783,0.57,0.43,66,10.47,0,0,0
58.7355,-120.7953,2.4,1.5,100,220.2,0,1,1
58.55695,-118.04788,0.57,0.43,66,23.15,0,0,0
58.6832,-120.65852,0.56,0.69,66,4.89,0,1,0
58.12906,-119.7905,0.43,0.46,66,5.32,0,0,0
56.1062,-105.3005,1.0,1.0,0,4.1,1,0,1
58.322,-120.7328,1.9,1.3,8,11.1,0,0,1
58.25671,-120.7009,0.46,0.47,66,3.42,0,0,0
58.3911,-119.575,2.2,1.4,12,10.6,0,0,1
58.54607,-121.72823,0.51,0.49,66,4.42,0,0,0
58.7728,-120.7011,2.4,1.5,100,1697.0,0,1,1
58.2759,-118.5655,2.2,1.4,100,162.5,0,1,1
58.81818,-118.06485,0.58,0.52,66,30.01,0,0,0
59.50302,-114.21564,0.39,0.6,66,3.83,0,1,0
58.25606,-119.99139,0.39,0.36,66,0.67,0,1,0
61.134,-112.3875,1.4,1.2,100,91.5,0,1,1
61.1354,-121.0685,2.0,1.4,100,123.1,0,0,1
59.01102,-120.67208,0.55,0.68,66,5.18,0,1,0
59.3634,-121.42522,0.38,0.36,66,3.53,0,1,0
58.9365,-114.731,3.0,1.6,59,78.2,1,0,1
60.64268,-119.44946,0.59,0.7,66,4.25,0,1,0
58.1352,-119.6941,2.0,1.4,98,117.8,0,1,1
59.3011,-121.2598,1.9,1.3,73,29.2,0,0,1
58.41931,-118.5266,0.39,0.44,66,9.89,0,0,0
58.3586,-118.5802,2.3,1.5,100,74.2,0,0,1
59.71803,-115.31691,0.43,0.38,66,21.85,0,1,0
58.7233,-118.3391,2.4,1.5,65,61.4,0,0,1
58.53876,-118.05219,0.6,0.53,66,7.02,0,0,0
58.98009,-120.74989,0.47,0.48,66,4.88,0,0,0
53.012,-95.1103,1.9,1.3,38,11.8,1,0,1
61.5102,-111.3665,2.1,1.4,0,109.0,1,1,1
58.2635,-120.3008,2.6,1.6,98,100.3,0,1,1
58.31607,-120.53761,0.66,0.73,66,1.71,0,1,0
58.7941,-118.1403,2.1,1.4,100,331.8,0,1,1
61.1232,-121.0658,2.0,1.4,100,58.8,0,0,1
58.7984,-117.9911,2.1,1.4,100,71.6,0,0,1
58.62144,-118.17409,0.38,0.43,66,3.82,0,0,0
58.29051,-120.67708,0.66,0.73,66,5.58,0,1,0
58.81067,-120.04522,0.5,0.49,66,1.75,0,0,0
59.66758,-114.44903,0.45,0.39,66,6.64,0,1,0
58.63879,-118.0384,0.57,0.43,66,26.51,0,0,0
59.006,-109.68555,0.51,0.66,66,9.25,1,0,0
58.26965,-119.66827,0.43,0.46,66,1.94,0,0,0
58.15272,-119.82209,0.43,0.46,66,3.55,0,0,0
58.757,-117.956,2.5,1.5,90,92.7,0,0,1
58.7357,-120.2472,2.3,1.5,35,19.5,0,0,1
59.7295,-112.1472,1.9,1.3,41,8.4,1,0,1
58.6482,-117.9414,2.5,1.5,100,72.7,0,0,1
58.2681,-120.6774,2.5,1.5,49,49.9,0,1,1
59.66082,-115.82799,0.5,0.41,66,2.97,0,0,0
58.546,-118.5055,2.0,1.4,100,59.2,0,0,1
58.5501,-119.7406,2.2,1.4,69,24.3,0,1,1
58.6062,-118.1499,1.9,1.4,100,431.4,0,1,1
58.8431,-120.4468,2.0,1.4,86,42.4,0,0,1
54.77481,-123.92072,0.67,0.74,66,5.69,0,1,0
59.7036,-114.4653,1.6,1.2,92,31.8,0,1,1
58.5505,-121.8398,2.7,1.6,86,45.3,0,0,1
57.74965,-114.76959,0.45,0.39,66,1.42,0,0,0
59.7054,-114.3453,3.6,1.8,100,369.4,0,1,1
59.4297,-115.4062,3.0,1.6,59,27.3,1,0,1
58.53243,-118.13809,0.4,0.37,66,6.47,0,1,0
58.77296,-120.81499,0.38,0.36,66,8.18,0,1,0
59.5541,-111.607,2.0,1.4,100,518.6,1,1,1
58.7554,-120.8252,1.9,1.3,99,127.6,0,1,1
58.38182,-119.92311,0.61,0.71,66,3.19,0,1,0
58.5682,-118.5026,2.4,1.5,82,48.5,0,0,1
58.69212,-118.14988,0.58,0.52,66,7.05,0,0,0
58.09598,-113.41031,0.52,0.41,66,171.38,1,0,0
59.41884,-121.29203,0.38,0.36,66,4.86,0,1,0
59.7248,-115.362,1.4,1.2,81,25.9,0,0,1
57.65071,-120.43076,0.39,0.36,66,17.96,0,1,0
59.3285,-121.3043,2.4,1.5,90,50.5,0,1,1
59.50719,-120.82491,0.51,0.66,66,1.26,0,1,0
58.7386,-117.917,2.5,1.5,33,55.6,0,0,1
61.00719,-111.46843,0.44,0.63,100,8.57,1,0,0
59.3782,-114.0044,2.0,1.4,78,35.6,1,0,1
58.689,-117.9469,2.5,1.5,100,150.6,0,0,1
55.8596,-109.6739,2.1,1.4,47,9.3,1,0,1
58.8437,-120.60793,0.47,0.47,66,3.39,0,0,0
56.9178,-119.4661,2.5,1.5,100,265.6,0,1,1
58.82145,-120.47318,0.38,0.36,66,3.27,0,1,0
58.30769,-118.51756,0.39,0.44,66,7.36,0,0,0
58.54736,-118.03064,0.57,0.43,66,9.38,0,0,0
58.47918,-120.49136,0.39,0.36,66,0.95,0,1,0
61.02859,-112.21284,0.35,0.57,66,1.6,0,0,0
55.4498,-123.5749,1.3,1.1,68,16.3,0,0,1
61.1288,-121.0434,1.4,1.2,20,13.4,0,0,1
60.76778,-112.16143,0.65,0.73,66,23.41,1,0,0
58.10904,-119.80178,0.54,0.51,66,2.51,0,0,0
60.61767,-116.95375,0.4,0.37,66,0.86,0,1,0
59.30483,-121.43942,0.5,0.66,66,8.27,0,1,0
59.25,-122.1144,2.6,1.5,9,26.6,0,0,1
58.5399,-118.539,2.3,1.5,12,16.9,0,0,1
58.37814,-119.39728,0.42,0.45,66,1.61,0,0,0
59.17197,-120.47936,0.46,0.47,66,6.83,0,0,0
58.7083,-121.2028,1.8,1.3,100,56.8,0,0,1
60.16577,-112.28159,0.49,0.41,66,8.45,0,1,0
58.34764,-118.47367,0.59,0.53,66,5.38,0,0,0
58.00784,-121.81305,0.5,0.49,66,6.63,0,0,0
58.91408,-120.97633,0.48,0.48,66,4.26,0,0,0
58.18404,-120.15208,0.53,0.5,66,1.1,0,0,0
58.8152,-120.4529,1.7,1.3,36,28.8,0,0,1
58.8373,-118.0593,2.1,1.4,35,19.1,0,0,1
59.6573,-115.8107,1.5,1.2,99,31.7,0,1,1
58.802,-120.5936,2.3,1.5,100,1095.9,0,1,1
59.36892,-121.34588,0.44,0.46,66,2.01,0,0,0
58.7495,-121.1181,1.8,1.3,74,20.6,0,0,1
61.0542,-112.6005,4.2,1.9,3,36.0,0,0,1
57.5827,-114.8428,1.4,1.2,72,23.8,1,1,1
57.51265,-120.10871,0.43,0.46,66,1.86,0,0,0
59.30157,-112.96038,0.47,0.4,66,1.31,1,0,0
59.13068,-120.3988,0.55,0.68,66,2.29,0,1,0
61.10684,-112.28875,0.35,0.56,66,16.61,0,0,0
58.34536,-118.54566,0.66,0.73,66,3.71,0,1,0
58.31801,-104.09214,0.48,0.65,66,4.23,0,0,0
58.7883,-117.9832,2.1,1.4,31,21.3,0,0,1
58.28591,-119.65147,0.54,0.51,66,4.39,0,0,0
58.8434,-118.1228,2.1,1.4,20,21.8,0,0,1
61.1355,-121.0003,2.9,1.6,41,42.4,0,0,1
60.72337,-120.32848,0.48,0.48,66,2.64,0,0,0
58.40175,-118.51046,0.39,0.44,66,6.35,0,0,0
57.526,-120.5211,2.6,1.6,52,31.9,0,0,1
59.02162,-120.41017,0.48,0.48,66,13.55,0,0,0
58.6019,-118.3008,2.0,1.4,100,492.7,0,1,1
58.7372,-120.7214,1.9,1.4,100,148.6,0,1,1
58.51632,-118.2917,0.59,0.53,66,5.76,0,0,0
58.677,-117.9022,2.5,1.5,100,74.5,0,0,1
61.1252,-121.0293,2.0,1.4,100,103.9,0,0,1
60.37746,-117.98824,0.39,0.36,66,96.31,0,1,0
58.47974,-121.78922,0.54,0.68,66,3.58,0,1,0
58.5643,-118.5093,2.4,1.5,78,28.0,0,0,1
58.65175,-121.15935,0.48,0.48,66,5.08,0,0,0
58.0805,-119.7935,2.1,1.4,100,99.2,0,1,1
58.04477,-121.6598,0.38,0.36,66,1.36,0,1,0
58.07636,-113.37817,0.43,0.38,66,66.59,1,1,0
59.64846,-114.32196,0.46,0.39,66,26.38,0,1,0
58.3029,-120.1566,2.0,1.4,33,15.3,0,1,1
58.82227,-120.45747,0.49,0.49,66,2.82,0,0,0
58.32006,-119.52382,0.39,0.36,66,7.81,0,1,0
58.6411,-117.9352,2.5,1.5,93,35.6,0,0,1
59.58639,-116.12077,0.62,0.54,66,1.16,0,0,0
58.7263,-118.3743,2.4,1.5,100,70.5,0,0,1
58.68988,-121.15469,0.38,0.36,66,12.56,0,1,0
59.11649,-114.01108,0.51,0.41,66,6.79,1,0,0
60.1162,-112.2816,1.1,1.1,96,18.3,0,1,1
60.35266,-118.0578,0.4,0.44,66,2.59,0,0,0
55.44,-103.83,1.0,1.0,100,88.3,0,1,1
58.80079,-120.51791,0.56,0.69,66,6.83,0,1,0
58.3893,-119.5406,2.4,1.5,73,40.8,0,1,1
58.74582,-120.10795,0.45,0.47,66,5.24,0,0,0
59.67867,-114.44505,0.34,0.56,66,4.72,0,0,0
57.7044,-120.4964,1.9,1.3,24,23.4,0,1,1
58.60969,-118.43596,0.39,0.44,66,13.2,0,0,0
58.1035,-113.3477,1.4,1.2,100,184.7,0,1,1
58.3798,-119.3349,2.4,1.5,40,61.4,0,1,1
58.79226,-118.16301,0.4,0.37,100,0.0,0,1,0
54.5717,-123.6046,4.6,2.0,100,637.6,0,0,1
58.56017,-120.9642,0.48,0.48,66,9.03,0,0,0
58.5075,-121.73762,0.38,0.36,66,2.53,0,1,0
58.047,-113.4123,1.6,1.2,100,218.3,1,1,1
59.35136,-113.50529,0.38,0.59,66,0.5,0,0,0
59.45901,-121.51673,0.51,0.49,66,2.59,0,0,0
54.5866,-123.6124,4.6,2.0,100,294.4,0,0,1
59.6527,-114.4991,1.3,1.1,100,262.5,0,1,1
56.28174,-101.54766,0.33,0.55,100,20.71,1,1,0
59.2912,-122.1128,2.5,1.5,16,48.8,0,0,1
57.2549,-120.7006,1.3,1.1,8,5.7,1,0,1
58.68191,-120.09627,0.39,0.36,66,7.14,0,1,0
58.81,-120.6091,2.7,1.6,62,86.7,0,1,1
58.92429,-103.25726,0.59,0.53,66,6.16,1,1,0
58.7367,-118.1243,2.5,1.5,100,5941.8,0,1,1
58.6474,-118.4397,2.4,1.5,100,63.3,0,0,1
58.1392,-113.3483,3.4,1.7,94,126.2,0,1,1
58.0651,-119.9382,2.4,1.5,100,87.2,0,1,1
58.48319,-118.3157,0.66,0.73,66,4.91,0,1,0
59.58615,-121.89572,0.39,0.36,66,3.58,0,1,0
58.7026,-117.9487,2.5,1.5,99,114.7,0,0,1
58.50925,-121.5477,0.38,0.36,66,2.24,0,1,0
58.7121,-121.517,1.8,1.3,100,72.2,0,1,1
58.33887,-119.39307,0.42,0.45,66,4.03,0,0,0
58.56783,-120.89027,0.67,0.74,66,17.37,0,1,0
58.66648,-121.14032,0.38,0.36,66,2.7,0,1,0
58.23132,-120.2822,0.39,0.36,66,2.33,0,1,0
59.2277,-120.7768,1.6,1.3,10,15.7,0,1,1
58.5169,-118.4543,2.4,1.5,100,158.0,0,1,1
59.56183,-114.45525,0.45,0.39,66,2.09,0,1,0
56.2314,-124.6085,1.1,1.0,56,7.3,1,0,1
58.02594,-119.67995,0.39,0.36,66,0.0,0,1,0
58.6044,-118.2181,2.1,1.4,83,63.3,0,1,1
59.51122,-114.47832,0.51,0.41,66,8.01,1,0,0
59.7345,-115.3704,1.4,1.2,53,16.6,0,0,1
56.90984,-119.45016,0.4,0.45,66,8.27,0,0,0
58.0352,-121.8988,1.2,1.1,65,10.7,1,1,1
57.10505,-102.12482,0.63,0.54,66,100.46,1,1,0
58.62308,-121.13152,0.48,0.48,66,5.01,0,0,0
59.70313,-114.31332,0.35,0.56,66,6.07,0,0,0
59.53695,-113.12379,0.79,0.78,66,7.43,0,1,0
58.7138,-120.2001,2.0,1.4,97,52.4,0,1,1
58.5099,-118.21616,0.59,0.53,66,5.38,0,0,0
58.7973,-117.9832,2.1,1.4,87,38.4,0,0,1
59.7824,-115.1749,1.7,1.3,73,17.5,0,0,1
59.18478,-120.88536,0.46,0.47,66,2.53,0,0,0
59.70166,-114.47527,0.4,0.6,66,3.87,0,1,0
59.30756,-121.60395,0.44,0.46,66,3.95,0,0,0
59.6858,-111.0822,2.1,1.4,68,36.4,1,1,1
59.50963,-120.83378,0.45,0.47,66,2.3,0,0,0
59.44757,-121.53056,0.4,0.37,66,6.7,1,1,0
59.2037,-120.434,2.7,1.6,0,97.5,0,1,1
58.27983,-118.59793,0.4,0.37,66,29.45,0,1,0
59.6184,-114.3623,2.7,1.6,100,282.1,0,1,1
58.0296,-119.6817,2.3,1.5,100,81.0,0,1,1
60.89448,-112.24282,0.35,0.57,66,1.91,0,0,0
59.79091,-113.65199,0.47,0.4,66,0.87,0,1,0
60.17748,-112.31766,0.49,0.41,66,2.92,0,1,0
60.99915,-112.33783,0.35,0.57,66,3.93,0,0,0
58.6039,-118.2228,2.1,1.4,0,53.6,0,1,1
57.8247,-122.6474,0.39,0.36,66,1.53,0,1,0
59.4337,-114.2564,2.8,1.6,75,48.0,0,1,1
58.68285,-121.07446,0.38,0.36,100,13.25,0,1,0
59.3629,-123.17,2.8,1.6,100,184.6,0,1,1
58.6448,-121.1298,2.5,1.5,100,91.4,0,1,1
58.15028,-113.38519,0.52,0.41,66,7.62,0,1,0
58.04463,-112.93639,0.42,0.37,66,0.9,0,0,0
58.1525,-113.5005,2.3,1.5,91,114.2,1,1,1
58.73676,-119.73968,0.61,0.71,66,6.14,0,1,0
59.48216,-121.28274,0.44,0.46,66,6.07,0,0,0
59.03719,-120.88091,0.47,0.48,66,4.7,0,0,0
58.6237,-121.01591,0.68,0.74,66,12.19,0,1,0
60.461,-112.1304,1.9,1.4,57,17.2,1,0,1
58.24015,-118.05685,0.56,0.43,66,3.24,0,0,0
57.0889,-100.2322,1.3,1.1,87,21.8,0,0,1
59.38562,-121.51744,0.51,0.49,66,11.64,0,0,0
58.47158,-118.45776,0.55,0.68,66,6.61,0,1,0
60.2498,-111.157,2.1,1.4,0,108.3,1,1,1
58.6807,-121.1589,1.8,1.3,100,180.2,0,1,1
58.75941,-118.00387,0.57,0.43,66,14.57,0,0,0
58.25905,-119.58194,0.42,0.45,66,2.97,0,0,0
58.7219,-120.9811,1.9,1.3,59,40.2,0,0,1
59.71272,-114.45061,0.47,0.39,66,4.5,0,0,0
58.69715,-120.53601,0.49,0.49,66,52.07,0,0,0
58.41573,-119.91905,0.44,0.46,66,1.32,0,0,0
59.2815,-122.132,1.7,1.3,18,14.7,0,0,1
58.51883,-118.27766,0.39,0.44,66,6.28,0,0,0
59.8348,-111.9862,1.1,1.1,21,9.9,0,1,1
57.6675,-120.3303,1.9,1.4,95,49.2,0,0,1
58.10936,-119.91185,0.39,0.36,66,6.09,0,1,0
61.16798,-119.53884,0.6,0.7,66,3.69,0,1,0
58.43737,-118.22527,0.54,0.68,66,8.83,0,1,0
58.2906,-120.1778,2.4,1.5,37,16.7,0,0,1
59.35846,-121.37063,0.38,0.36,66,2.13,0,1,0
58.7913,-120.6329,1.9,1.4,100,668.1,0,1,1
61.1184,-112.3813,1.9,1.3,82,97.2,1,1,1
58.1954,-113.3659,1.3,1.2,100,761.4,0,1,1
57.64547,-120.55624,0.45,0.47,100,8.64,0,0,0
55.43298,-103.83624,0.47,0.4,66,5.37,0,1,0
58.07832,-119.74069,0.55,0.51,66,6.41,0,0,0
58.3666,-120.6824,1.9,1.3,6,19.3,0,0,1
61.138,-121.034,2.0,1.4,100,429.3,0,0,1
57.6657,-120.3284,2.6,1.5,63,85.8,0,0,1
58.5891,-118.2247,2.4,1.5,100,181.5,0,1,1
56.24191,-101.59091,0.43,0.38,66,2.41,0,1,0
58.0278,-121.7816,3.0,1.6,28,33.3,0,1,1
58.5789,-121.8219,2.7,1.6,79,37.6,0,0,1
58.88008,-120.99864,0.38,0.36,66,6.23,0,1,0
60.1675,-117.84576,0.39,0.44,66,1.22,0,0,0
59.67871,-115.78358,0.43,0.38,66,3.81,0,1,0
57.0743,-100.2648,1.1,1.0,0,72.1,1,0,1
58.4775,-121.4006,2.9,1.6,100,133.3,0,0,1
58.50817,-118.24689,0.38,0.44,66,3.31,0,0,0
59.59917,-110.77466,0.46,0.64,33,140.0,1,0,0
59.6839,-115.2574,2.5,1.5,75,43.8,0,0,1
59.30072,-121.39613,0.5,0.49,66,2.65,0,0,0
59.42161,-114.18154,0.46,0.39,66,4.57,0,0,0
60.0633,-111.2543,2.0,1.4,0,14.5,1,0,1
58.4605,-118.4644,2.0,1.4,100,117.7,0,1,1
58.2667,-120.3522,2.0,1.4,64,45.5,0,1,1
58.75251,-118.14526,0.4,0.37,66,9.24,0,1,0
58.65291,-118.38778,0.55,0.68,100,15.34,0,1,0
59.4418,-115.4022,1.7,1.3,38,23.4,1,1,1
58.51308,-118.40443,0.4,0.37,66,5.42,0,1,0
58.2216,-118.7522,2.3,1.5,86,51.8,0,0,1
58.6857,-121.04949,0.48,0.48,66,45.74,0,0,0
58.7298,-117.9524,2.5,1.5,100,166.5,0,0,1
59.6454,-116.2538,3.0,1.6,100,123.1,0,0,1
59.2896,-121.4521,1.8,1.3,100,95.6,0,1,1
60.6551,-112.0228,1.1,1.0,51,16.7,0,1,1
58.7347,-121.7064,1.7,1.3,96,91.0,0,1,1
59.20831,-120.4278,0.38,0.36,100,12.14,0,1,0
58.5999,-118.1156,2.1,1.4,91,56.2,0,1,1
59.8548,-115.1118,1.7,1.3,28,14.1,0,0,1
58.13052,-118.58895,0.59,0.53,66,2.08,0,0,0
58.688,-120.61143,0.66,0.73,66,17.97,0,1,0
58.4493,-118.5605,2.3,1.5,35,13.3,0,0,1
58.5167,-121.454,1.6,1.3,98,38.8,0,1,1
60.24181,-115.90833,0.52,0.41,66,8.82,0,0,0
58.90992,-120.53465,0.46,0.47,66,2.74,0,0,0
58.42924,-117.93877,0.68,0.74,66,3.02,0,1,0
58.0364,-119.6445,2.0,1.4,57,44.2,0,0,1
57.0802,-100.2427,1.4,1.2,24,13.3,0,0,1
58.62859,-117.98261,0.67,0.73,66,2.16,0,0,0
58.6688,-121.1543,2.5,1.5,100,378.1,0,1,1
57.6643,-120.6151,2.6,1.6,59,28.0,0,0,1
60.48769,-115.46067,0.42,0.38,66,0.95,0,1,0
58.13782,-113.37986,0.42,0.38,66,9.8,0,0,0
59.7138,-114.2884,1.6,1.2,55,40.8,0,1,1
58.6836,-117.8976,2.5,1.5,66,25.9,0,0,1
59.28102,-121.28566,0.51,0.66,66,4.12,0,1,0
58.7255,-120.0114,2.3,1.5,100,440.6,0,1,1
57.59031,-114.84528,0.32,0.55,100,5.66,1,0,0
58.1953,-113.3119,3.9,1.8,100,273.0,0,0,1
55.7493,-106.6642,1.0,1.0,88,15.6,0,0,1
58.1446,-113.3347,1.4,1.2,100,80.5,0,1,1
59.33302,-121.39264,0.44,0.46,66,8.18,0,0,0
58.50506,-118.49896,0.4,0.37,66,7.02,0,1,0
58.734,-120.1044,2.0,1.4,100,4510.2,0,1,1
60.03146,-115.96365,0.51,0.41,66,12.9,0,0,0
59.27021,-121.51057,0.51,0.49,66,2.07,0,0,0
58.40054,-119.75927,0.39,0.36,100,27.14,0,1,0
56.23895,-101.56293,0.55,0.43,66,6.97,0,0,0
58.02859,-119.81416,0.43,0.46,66,2.4,0,0,0
60.19642,-112.85552,0.43,0.38,66,1.21,0,0,0
60.9486,-112.3917,1.9,1.4,83,56.5,1,1,1
59.3616,-113.06055,0.43,0.38,66,1.78,0,0,0
60.4768,-119.7982,1.2,1.1,40,8.5,1,1,1
59.34785,-112.91777,0.43,0.38,66,2.13,0,0,0
58.9997,-120.5201,2.7,1.6,100,142.0,0,0,1
58.7252,-121.7256,2.6,1.6,100,124.7,0,1,1
58.9847,-120.699,1.9,1.4,88,59.7,0,1,1
58.8125,-120.4511,1.7,1.3,87,29.8,0,0,1
58.6597,-118.1504,2.4,1.5,100,524.8,0,1,1
58.5622,-120.8354,1.9,1.3,93,54.0,0,1,1
58.8796,-120.4549,2.0,1.4,60,69.5,0,0,1
58.62714,-121.61308,0.38,0.36,100,9.29,0,1,0
58.50608,-121.77344,0.38,0.36,66,4.22,0,1,0
60.5882,-117.11079,0.4,0.37,66,1.55,0,1,0
61.1341,-121.0333,1.4,1.2,100,48.4,0,0,1
58.54144,-118.42768,0.58,0.52,66,3.23,0,0,0
59.19,-114.0494,1.6,1.2,59,18.3,1,1,1
59.4483,-121.3969,2.4,1.5,49,85.3,0,0,1
57.6045,-120.6056,2.6,1.6,100,78.5,0,1,1
58.56007,-118.03683,0.57,0.43,66,30.14,0,0,0
56.24653,-101.74316,0.39,0.59,66,6.29,0,0,0
58.93949,-120.51462,0.48,0.48,66,2.18,0,0,0
58.35302,-119.5134,0.54,0.51,66,6.81,0,0,0
60.90446,-112.40662,0.43,0.38,66,2.45,0,0,0
59.42074,-113.05736,0.47,0.4,66,55.77,1,0,0
56.8917,-119.6208,2.4,1.5,33,41.9,0,1,1
61.0165,-112.3849,1.1,1.0,100,1848.4,0,1,1
59.647,-115.7831,1.4,1.2,92,67.8,1,1,1
58.5734,-118.1197,1.9,1.4,100,358.2,0,1,1
61.06984,-112.11217,0.42,0.61,33,103.33,1,0,0
58.20149,-118.2951,0.41,0.37,66,0.67,0,1,0
58.7507,-117.9619,2.5,1.5,100,151.3,0,0,1
61.08256,-112.11537,0.49,0.4,66,207.94,1,1,0
58.32257,-119.49503,0.6,0.71,66,4.9,0,0,0
59.3357,-121.6004,2.4,1.5,100,849.9,0,1,1
59.50365,-113.95011,0.38,0.59,66,1.66,0,1,0
59.3071,-121.4269,2.4,1.5,100,258.5,0,1,1
59.4682,-113.0997,0.43,0.38,66,2.9,0,0,0
58.6563,-118.4309,2.0,1.4,52,42.0,0,0,1
58.66975,-118.14972,0.4,0.37,100,9.43,0,1,0
58.1892,-113.3077,3.9,1.8,77,83.0,0,0,1
58.24527,-119.47044,0.39,0.36,66,9.23,0,1,0
58.77794,-120.06526,0.58,0.7,66,4.5,0,1,0
58.6268,-118.4741,2.0,1.4,55,23.3,0,0,1
58.35761,-118.49259,0.67,0.73,66,2.79,0,1,0
59.22858,-120.78576,0.46,0.47,66,1.46,0,0,0
58.6633,-117.9004,2.5,1.5,100,57.6,0,0,1
61.07637,-112.28419,0.47,0.4,66,115.61,0,1,0
58.02901,-119.67914,0.39,0.36,66,5.96,1,1,0
59.2117,-120.5211,2.0,1.4,54,64.3,0,0,1
58.68812,-120.89032,0.47,0.48,66,2.6,0,0,0
58.52002,-121.75871,0.51,0.49,66,4.27,0,0,0
59.76525,-115.30384,0.43,0.38,66,24.18,0,1,0
58.471,-118.49068,0.58,0.52,66,4.17,0,0,0
58.6376,-118.4512,2.0,1.4,75,47.0,0,0,1
59.55833,-114.43776,0.73,0.76,100,11.32,0,1,0
59.72172,-114.25336,0.46,0.39,66,3.06,0,1,0
60.2449,-115.8949,2.2,1.4,36,17.9,0,1,1
58.6352,-120.9234,1.9,1.3,100,1064.8,0,1,1
59.6906,-114.5301,1.3,1.1,14,11.3,0,0,1
58.57829,-118.12919,0.4,0.37,66,2.42,0,1,0
58.6122,-121.1929,2.5,1.5,96,60.4,0,0,1
58.1245,-119.9058,2.0,1.4,100,180.0,0,1,1
58.4521,-118.4038,2.4,1.5,100,91.2,0,1,1
58.5285,-117.9826,2.1,1.4,33,26.1,0,0,1
58.72227,-118.11623,0.54,0.68,66,11.56,0,1,0
59.64625,-114.47066,0.73,0.76,66,5.73,0,1,0
59.3453,-110.49872,0.61,0.54,66,8.05,1,1,0
58.3879,-119.8375,2.1,1.4,50,34.0,0,1,1
61.1343,-112.2544,2.7,1.6,43,52.9,0,1,1
58.64969,-120.80492,0.38,0.36,66,2.2,0,1,0
54.5869,-123.6198,4.6,2.0,92,152.5,0,0,1
58.5893,-118.1545,2.1,1.4,38,53.3,0,1,1
58.5971,-118.4841,2.0,1.4,54,30.3,0,0,1
58.8414,-118.0859,2.1,1.4,62,34.2,0,0,1
59.2138,-113.5983,1.6,1.3,86,53.3,1,1,1
59.67972,-114.25117,0.73,0.76,66,12.68,0,1,0
58.2706,-120.1222,2.6,1.5,28,49.4,0,1,1
61.04446,-112.32425,0.69,0.74,100,24.88,0,1,0
58.45574,-121.5645,0.38,0.36,66,1.8,0,1,0
58.6344,-118.4434,2.0,1.4,100,102.3,0,0,1
54.58554,-123.53326,0.55,0.51,66,11.88,0,0,0
58.63401,-118.02975,0.57,0.43,66,26.51,0,0,0
58.6041,-118.3861,2.1,1.4,100,137.3,0,1,1
58.69899,-121.04636,0.48,0.48,66,56.51,0,0,0
58.76345,-118.05326,0.65,0.73,66,7.31,0,1,0
58.4805,-118.02834,0.57,0.43,66,28.87,0,0,0
59.5924,-113.0594,1.4,1.2,100,205.0,0,1,1
58.1067,-119.7174,2.3,1.5,91,46.5,0,1,1
59.17896,-120.41076,0.48,0.48,66,4.11,0,0,0
58.46219,-118.48331,0.4,0.37,66,1.47,0,1,0
58.7983,-120.4284,2.7,1.6,39,44.5,0,0,1
60.29188,-116.50795,0.41,0.37,66,2.94,0,1,0
59.0541,-120.9058,2.4,1.5,97,72.1,0,0,1
57.688,-120.3644,1.9,1.4,100,990.5,0,1,1
58.7877,-120.5227,2.7,1.6,100,241.0,0,1,1
58.664,-118.4333,2.0,1.4,57,38.5,0,0,1
59.3871,-114.06817,0.47,0.4,66,7.9,0,1,0
58.84217,-120.508,0.65,0.73,66,10.22,0,1,0
58.1202,-118.5504,2.1,1.4,99,53.5,0,0,1
59.83458,-110.85358,0.42,0.38,66,21.35,1,0,0
59.11305,-114.0072,0.38,0.59,66,1.16,0,1,0
58.62697,-120.62613,0.49,0.49,66,2.54,0,0,0
59.7711,-115.1969,2.5,1.5,12,61.9,0,1,1
58.74616,-118.11524,0.65,0.73,66,8.6,0,1,0
58.6828,-118.3012,2.0,1.4,100,1421.1,0,1,1
58.2962,-120.5733,2.7,1.6,29,74.4,0,1,1
56.88247,-119.44528,0.6,0.71,66,2.71,0,1,0
58.555,-118.5007,2.4,1.5,100,91.9,0,0,1
56.8815,-119.3212,2.3,1.5,16,29.2,0,1,1
58.5234,-118.03147,0.41,0.37,66,5.98,0,1,0
55.4396,-123.5732,1.3,1.1,83,20.6,0,0,1
59.73515,-113.60976,0.36,0.58,66,6.96,1,1,0
58.19227,-120.26405,0.45,0.47,66,62.44,0,0,0
57.6803,-120.587,2.6,1.6,29,21.4,0,0,1
60.46293,-117.98203,0.55,0.68,66,5.21,0,1,0
57.6819,-120.4381,2.6,1.5,100,86.7,0,0,1
59.4662,-121.2675,1.6,1.2,69,52.7,0,1,1
59.861,-112.04792,0.51,0.41,66,1.82,0,1,0
59.30372,-121.62807,0.71,0.75,66,5.73,0,1,0
58.8308,-118.1519,2.1,1.4,56,18.3,0,0,1
58.25085,-120.3306,0.45,0.47,66,4.7,0,0,0
59.51634,-114.50697,0.4,0.6,66,5.01,1,1,0
57.6158,-120.4731,1.9,1.3,100,64.0,0,1,1
59.56843,-121.80259,0.72,0.75,66,6.88,0,1,0
55.5519,-105.1295,3.4,1.7,0,37.2,1,0,1
58.40887,-120.29361,0.39,0.36,66,0.9,0,1,0
58.5002,-118.2048,2.4,1.5,70,82.5,0,1,1
60.2215,-112.3441,1.1,1.1,100,35.0,0,1,1
58.3585,-120.4826,1.8,1.3,51,41.1,0,1,1
59.25121,-113.63529,0.44,0.38,66,1.8,0,0,0
58.78783,-120.44455,0.49,0.49,66,1.18,0,0,0
58.72793,-118.15559,0.54,0.68,66,6.9,0,1,0
61.1911,-111.9849,1.9,1.4,73,58.8,1,1,1
57.6899,-120.3319,1.9,1.4,8,14.9,0,0,1
58.653,-118.423,2.0,1.4,93,62.1,0,0,1
59.3071,-121.2537,1.9,1.3,85,29.1,0,0,1
58.6509,-118.3578,2.4,1.5,100,1615.2,0,1,1
58.31441,-119.94699,0.62,0.72,66,2.96,0,1,0
59.2982,-121.43503,0.38,0.36,66,4.25,0,1,0
58.0777,-113.3631,1.4,1.2,100,33.9,0,1,1
57.6723,-120.3701,1.9,1.4,100,407.8,0,1,1
61.06893,-112.37914,0.47,0.4,66,3.91,0,1,0
58.3789,-117.932,1.9,1.4,69,23.4,0,1,1
58.1002,-119.7347,2.0,1.4,100,213.1,0,1,1
60.5337,-110.7734,1.9,1.3,0,12.6,1,0,1
58.7331,-117.967,2.1,1.4,57,19.7,0,0,1
58.3494,-104.08011,0.39,0.36,33,162.65,1,0,0
59.2861,-122.1534,2.6,1.5,53,38.0,0,0,1
59.2563,-121.3772,1.6,1.2,16,12.7,0,1,1
58.551,-118.5074,2.4,1.5,100,80.0,0,0,1
55.89223,-104.48312,0.5,0.41,66,2.18,0,1,0
59.81779,-115.16159,0.49,0.4,66,11.52,0,0,0
58.93981,-120.53377,0.48,0.48,66,8.88,0,0,0
60.3659,-116.51434,0.56,0.52,66,1.9,0,0,0
58.6412,-120.5166,1.8,1.3,65,62.6,0,0,1
61.1299,-121.066,2.0,1.4,100,291.1,0,0,1
58.66228,-118.1377,0.66,0.73,66,4.5,0,1,0
60.92179,-112.27399,0.43,0.38,66,1.72,0,0,0
58.6563,-117.8941,2.5,1.5,63,13.1,0,0,1
58.5341,-121.6169,2.6,1.6,100,170.2,0,1,1
58.3851,-117.9521,2.1,1.4,11,20.6,0,1,1
58.78411,-120.47461,0.39,0.36,66,0.93,0,0,0
58.23055,-120.42213,0.45,0.47,66,1.27,0,0,0
60.78766,-119.42904,0.45,0.47,66,2.4,0,0,0
58.2488,-119.3513,2.0,1.4,100,74.0,0,1,1
59.6624,-114.5304,3.5,1.8,100,134.8,0,0,1
59.3802,-121.4455,1.8,1.3,0,31.6,0,0,1
58.6527,-121.1932,2.5,1.5,92,51.3,0,0,1
59.5308,-113.1642,1.2,1.1,100,107.3,0,1,1
59.92719,-118.96062,0.39,0.36,66,1.47,0,1,0
58.32598,-120.60692,0.46,0.47,66,3.05,0,0,0
59.56084,-114.25861,0.46,0.39,66,4.79,0,0,0
61.0553,-112.09719,0.48,0.4,66,4.23,0,1,0
56.24204,-101.70427,0.55,0.42,66,1.26,0,0,0
58.7715,-118.251,2.1,1.4,35,15.9,0,0,1
59.46967,-114.52095,0.46,0.39,66,4.88,0,0,0
61.12144,-112.33074,0.34,0.56,66,17.6,0,0,0
59.84005,-113.62153,0.74,0.76,66,1.33,0,1,0
58.5225,-121.80286,0.51,0.49,66,8.09,0,0,0
58.49422,-118.12573,0.41,0.37,66,3.73,0,1,0
56.28655,-101.54628,0.55,0.43,66,9.72,0,0,0
58.51497,-118.14249,0.4,0.37,66,4.88,0,1,0
58.8215,-120.5378,2.0,1.4,100,1544.1,0,1,1
58.643,-118.4443,2.4,1.5,80,47.6,0,0,1
54.7616,-123.9632,4.7,2.0,86,140.6,0,0,1
59.7809,-115.2864,2.4,1.5,60,78.1,0,1,1
58.70343,-121.04535,0.48,0.48,66,56.51,0,0,0
58.6158,-118.4637,2.0,1.4,100,47.1,0,0,1
57.53785,-120.43625,0.54,0.51,66,3.73,0,0,0
58.6526,-118.1969,2.4,1.5,100,565.4,0,1,1
58.874,-121.0383,2.4,1.5,59,21.5,0,0,1
58.3587,-119.9762,2.3,1.5,59,27.1,0,0,1
58.73791,-118.25575,0.65,0.73,66,4.8,0,1,0
58.67995,-121.18578,0.69,0.74,66,2.19,0,0,0
56.2451,-101.72572,0.47,0.64,66,5.73,0,1,0
58.6999,-120.7596,2.4,1.5,100,166.9,0,1,1
60.95541,-112.20836,0.35,0.57,66,1.46,0,0,0
58.5673,-118.4941,2.0,1.4,100,82.8,0,0,1
55.84251,-105.36241,0.44,0.39,66,8.78,0,0,0
58.90038,-120.80088,0.47,0.48,66,3.19,0,0,0
58.30245,-120.65267,0.46,0.47,66,4.92,0,0,0
58.7474,-121.0599,2.8,1.6,15,26.2,0,0,1
58.7643,-117.9637,2.5,1.5,88,86.7,0,0,1
56.1677,-124.602,1.1,1.1,88,57.0,1,1,1
59.36253,-121.53356,0.38,0.36,66,11.51,0,1,0
58.21195,-118.68888,0.59,0.53,66,3.36,0,0,0
59.709,-114.4943,1.3,1.1,100,32.8,0,0,1
59.7298,-114.48,3.5,1.8,100,852.4,0,1,1
58.6825,-117.9768,2.1,1.4,87,38.7,0,1,1
59.78643,-115.93812,0.42,0.38,66,1.87,0,1,0
59.5164,-114.5112,1.9,1.3,20,46.7,1,1,1
58.5431,-118.0161,2.1,1.4,74,94.0,0,1,1
58.44727,-118.30177,0.67,0.73,66,4.13,0,1,0
59.5999,-114.4669,3.5,1.8,100,483.8,0,1,1
61.0511,-112.4212,2.7,1.6,100,400.3,0,1,1
58.7204,-117.9694,2.1,1.4,86,37.0,0,0,1
58.00525,-121.77161,0.48,0.48,66,2.82,0,0,0
54.7991,-123.8002,1.3,1.1,13,10.7,0,1,1
58.6618,-117.9432,2.5,1.5,100,100.8,0,0,1
58.5981,-121.14,1.8,1.3,100,63.9,0,1,1
58.7371,-117.96,2.5,1.5,100,158.4,0,0,1
59.41,-120.8501,1.9,1.4,100,56.9,0,1,1
59.64679,-121.83126,0.39,0.36,66,3.74,0,1,0
59.71725,-114.25661,0.35,0.57,66,0.87,0,0,0
58.4216,-119.9148,2.1,1.4,100,50.9,0,1,1
59.5135,-114.5025,1.6,1.2,84,56.7,0,1,1
59.53009,-113.15942,0.43,0.38,66,1.68,0,0,0
58.675,-118.4107,2.0,1.4,80,43.7,0,0,1
59.4698,-121.373,2.4,1.5,49,57.7,0,0,1
58.3038,-120.6313,1.9,1.3,100,168.2,0,1,1
58.7162,-117.9505,2.5,1.5,83,112.5,0,0,1
58.5422,-120.7142,2.7,1.6,72,85.1,0,0,1
57.4866,-113.5249,3.8,1.8,16,39.6,0,0,1
59.6365,-114.4793,1.3,1.1,100,743.5,0,1,1
59.85284,-112.02756,0.48,0.4,66,9.24,1,1,0
58.7147,-120.8104,1.9,1.3,81,67.7,0,1,1
58.7686,-118.1451,2.1,1.4,100,125.5,0,1,1
59.36223,-123.10528,0.39,0.36,66,11.49,0,1,0
58.6608,-120.90784,0.48,0.48,66,3.89,0,0,0
58.71181,-118.01873,0.57,0.43,66,11.42,0,0,0
59.2899,-121.3055,2.9,1.6,88,68.0,0,1,1
58.6966,-121.1999,1.8,1.3,26,19.1,0,0,1
58.18153,-120.30788,0.52,0.5,66,6.0,0,0,0
58.26087,-120.34262,0.65,0.73,66,4.97,0,1,0
55.45393,-103.83845,0.47,0.4,66,8.44,0,1,0
59.5766,-114.4254,1.6,1.2,100,273.8,0,1,1
59.73927,-114.2793,0.46,0.39,66,1.95,0,0,0
58.9927,-120.9778,2.4,1.5,55,50.8,0,0,1
56.8702,-119.3443,1.5,1.2,100,435.6,1,1,1
57.6988,-120.4558,2.6,1.6,53,106.0,0,0,1
59.42331,-121.29715,0.69,0.74,66,4.91,0,1,0
58.26157,-119.60349,0.39,0.36,66,1.05,0,1,0
58.3316,-118.56339,0.4,0.37,66,5.19,0,1,0
58.23287,-120.41109,0.45,0.47,66,1.36,0,0,0
57.2526,-120.703,1.0,1.0,56,8.3,1,0,1
60.22452,-118.10577,0.39,0.36,66,0.98,0,1,0
58.2067,-119.7281,2.3,1.5,100,75.7,0,1,1
58.7515,-121.0865,1.9,1.3,46,18.9,0,0,1
58.5246,-118.3955,2.2,1.4,61,58.0,0,1,1
58.81121,-120.04388,0.44,0.46,66,3.14,0,0,0
58.50729,-121.64674,0.38,0.36,66,2.78,0,1,0
59.46039,-114.32269,0.39,0.6,66,3.94,1,1,0
59.53287,-114.48012,0.39,0.6,66,5.22,1,1,0
59.33549,-121.4946,0.5,0.66,66,7.5,0,1,0
58.8675,-120.4522,2.0,1.4,100,118.6,0,0,1
58.4196,-118.27343,0.4,0.37,66,1.49,0,1,0
58.63515,-118.39703,0.4,0.37,100,8.17,0,1,0
58.2596,-118.5732,2.1,1.4,100,294.4,0,1,1
58.8823,-120.6273,2.3,1.5,76,43.5,0,1,1
58.1446,-118.6232,2.2,1.4,7,29.5,0,0,1
56.97283,-119.8559,0.71,0.75,66,1.95,0,1,0
58.1212,-118.5579,2.1,1.4,99,54.6,0,0,1
61.0249,-112.3429,1.9,1.4,77,90.0,1,1,1
58.7242,-121.4169,2.5,1.5,100,92.0,0,1,1
59.2802,-122.1517,2.6,1.5,50,52.1,0,0,1
59.3134,-121.45982,0.5,0.66,66,13.06,0,1,0
59.7173,-115.7494,1.5,1.2,67,12.8,0,1,1
58.65406,-118.24475,0.58,0.52,66,10.18,0,0,0
58.75452,-121.67081,0.51,0.49,66,11.88,0,0,0
58.62879,-120.61446,0.49,0.49,66,2.31,0,0,0
58.9497,-114.6838,3.0,1.6,82,254.9,1,1,1
59.0352,-120.82069,0.38,0.36,66,2.53,0,1,0
58.6754,-117.9451,2.5,1.5,100,169.0,0,0,1
55.9157,-104.5496,3.7,1.8,0,138.9,1,1,1
59.1935,-120.5507,2.3,1.5,64,46.3,0,0,1
58.1541,-113.5021,1.6,1.2,93,82.6,1,1,1
57.6759,-120.3307,1.9,1.4,80,33.6,0,0,1
58.58719,-118.00391,0.57,0.43,66,21.29,0,0,0
59.2346,-120.83,2.3,1.5,64,49.5,0,1,1
58.6346,-120.7358,2.4,1.5,11,47.1,0,1,1
58.6205,-118.2806,2.0,1.4,100,1705.1,0,1,1
58.34635,-119.49408,0.42,0.45,66,16.82,0,0,0
61.1386,-121.0763,2.0,1.4,74,34.5,0,0,1
58.7415,-118.335,2.4,1.5,77,54.3,0,0,1
54.7622,-123.9678,4.7,2.0,73,115.9,0,0,1
59.63153,-114.36169,0.73,0.76,66,21.43,0,1,0
58.52259,-121.722,0.38,0.36,66,2.22,0,1,0
58.3552,-118.5868,2.3,1.5,90,42.0,0,0,1
61.1329,-121.0762,2.0,1.4,100,116.9,0,0,1
58.63502,-118.19036,0.38,0.44,66,7.97,0,0,0
59.64558,-114.48697,0.47,0.39,66,4.41,0,0,0
58.0195,-113.4248,1.4,1.2,78,36.4,0,1,1
59.8581,-115.1393,2.5,1.5,17,24.9,0,1,1
61.1405,-121.0397,2.0,1.4,100,405.3,0,0,1
57.7639,-114.7857,1.6,1.2,100,50.9,0,1,1
59.6562,-114.5353,3.5,1.8,100,116.1,0,0,1
58.75156,-120.67391,0.49,0.48,66,3.98,0,0,0
59.50845,-113.95021,0.47,0.4,66,2.14,0,1,0
58.78811,-120.08146,0.63,0.72,66,3.16,0,1,0
58.07036,-121.73486,0.47,0.48,66,3.65,0,0,0
58.13565,-120.35396,0.39,0.36,66,4.07,0,1,0
58.8996,-120.4401,1.7,1.3,41,18.4,0,0,1
58.7879,-117.9877,2.1,1.4,81,34.0,0,0,1
59.31185,-121.54723,0.44,0.46,66,5.82,0,0,0
54.622,-123.5657,4.6,2.0,31,62.8,0,1,1
57.0846,-100.2638,1.4,1.2,92,28.2,0,0,1
58.3718,-118.5822,2.3,1.5,98,53.9,0,0,1
59.5686,-115.5784,1.5,1.2,100,86.8,0,1,1
60.72877,-117.25755,0.4,0.37,66,0.96,0,1,0
59.4539,-113.1164,1.7,1.3,72,86.0,1,1,1
59.5861,-121.7983,2.4,1.5,74,35.8,0,0,1
57.5567,-120.6081,2.6,1.6,21,35.7,0,1,1
59.74251,-111.74113,0.41,0.61,66,4.39,0,0,0
61.10653,-112.3243,0.68,0.74,66,17.28,0,1,0
58.2364,-118.7157,2.3,1.5,100,126.8,0,1,1
58.7189,-121.51883,0.5,0.49,66,3.12,0,0,0
58.22332,-120.2722,0.45,0.47,66,12.67,0,0,0
58.47643,-118.46854,0.39,0.44,66,3.3,0,0,0
61.1717,-119.4589,1.6,1.2,57,17.4,0,1,1
58.72776,-120.74371,0.38,0.36,66,5.0,0,1,0
60.8641,-112.3062,1.1,1.0,26,19.1,0,1,1
58.28952,-119.40874,0.55,0.51,66,5.21,0,0,0
58.7456,-120.9869,1.9,1.3,90,48.5,0,0,1
58.39144,-120.32204,0.45,0.47,66,2.61,0,0,0
58.5881,-121.1681,2.5,1.5,100,77.4,0,0,1
60.39692,-117.98133,0.51,0.49,66,1.59,0,0,0
59.66,-114.44683,0.46,0.39,66,6.56,0,0,0
58.7338,-121.1775,1.8,1.3,85,35.0,0,0,1
59.6907,-115.2443,2.5,1.5,70,38.2,0,0,1
59.7789,-115.3328,3.3,1.7,100,600.8,0,0,1
58.44735,-118.34451,0.4,0.37,66,14.86,0,1,0
57.0814,-100.2532,1.0,1.0,64,39.6,1,0,1
58.8085,-118.0049,2.1,1.4,60,46.1,0,0,1
56.24757,-101.74916,0.4,0.37,66,55.57,1,0,0
56.6121,-108.4167,2.5,1.5,0,81.5,1,0,1
58.4901,-121.4035,2.9,1.6,78,53.1,0,0,1
59.4202,-120.8499,2.3,1.5,49,27.8,0,1,1
59.5833,-115.5638,1.5,1.2,100,133.5,0,1,1
60.5381,-110.7677,2.2,1.4,0,86.0,1,0,1
55.8894,-124.8639,1.1,1.1,95,61.5,1,1,1
59.4268,-121.4206,2.4,1.5,66,77.5,0,0,1
58.7403,-121.0854,1.7,1.3,100,90.7,0,1,1
59.4602,-121.5086,2.4,1.5,100,337.7,0,1,1
58.6683,-117.9388,2.5,1.5,100,150.5,0,0,1
59.82871,-113.53825,0.44,0.39,66,2.89,0,0,0
58.7238,-120.9491,1.9,1.3,16,27.2,0,0,1
61.03023,-111.35049,0.45,0.63,66,54.44,1,0,0
60.47089,-112.10237,0.42,0.38,66,1.16,0,0,0
59.5374,-113.2391,1.2,1.1,9,7.9,0,1,1
61.02817,-112.31198,0.43,0.38,66,5.33,0,0,0
58.2521,-119.3104,2.0,1.4,61,23.0,0,0,1
58.2659,-120.6559,1.9,1.3,15,39.0,0,1,1
58.50991,-121.81297,0.56,0.43,66,7.51,1,0,0
58.09702,-113.3867,0.43,0.38,66,21.16,1,1,0
58.5851,-117.9705,2.5,1.5,100,65.1,0,0,1
58.59451,-118.01546,0.59,0.53,66,15.03,0,0,0
58.6809,-118.204,2.1,1.4,100,109.4,0,1,1
58.7434,-117.9542,2.5,1.5,100,152.0,0,0,1
58.9726,-120.8236,1.9,1.3,100,860.1,0,1,1
61.1191,-121.054,2.0,1.4,100,76.9,0,0,1
58.73759,-120.56635,0.56,0.69,66,7.26,0,1,0
58.29825,-119.65396,0.43,0.46,66,7.8,0,0,0
58.559,-117.9606,1.9,1.4,20,13.0,0,0,1
59.1142,-113.0292,1.2,1.1,51,9.6,0,1,1
61.03727,-112.35773,0.43,0.38,66,27.54,0,0,0
58.6127,-121.703,2.6,1.6,72,80.8,0,1,1
58.9714,-120.5249,2.7,1.6,100,211.1,0,1,1
58.7378,-121.48,2.5,1.5,36,15.8,0,0,1
58.9698,-120.6222,2.7,1.6,100,275.7,0,1,1
58.9918,-120.5174,1.7,1.3,37,14.1,0,0,1
57.0864,-100.2585,4.0,1.9,100,208.2,0,0,1
57.0751,-100.2697,1.3,1.1,92,24.6,0,0,1
58.6296,-121.2104,1.8,1.3,91,31.8,0,0,1
61.03545,-112.43442,0.34,0.56,66,30.14,0,0,0
58.67,-117.8959,2.5,1.5,100,61.9,0,0,1
60.03721,-111.17451,0.42,0.38,66,5.62,1,0,0
59.3468,-122.99675,0.4,0.44,66,2.87,0,0,0
58.3476,-119.3471,2.2,1.4,100,1895.8,0,1,1
58.5767,-118.2705,2.0,1.4,100,0.0,0,1,1
58.2347,-118.754,2.3,1.5,48,26.8,0,0,1
59.8355,-115.1147,2.5,1.5,64,35.6,0,1,1
58.54607,-121.61063,0.38,0.36,66,1.68,0,1,0
58.1118,-113.38181,0.36,0.57,66,27.54,0,1,0
53.2853,-106.0954,2.3,1.5,25,8.2,1,0,1
58.02104,-119.90539,0.54,0.51,66,5.12,0,0,0
58.792,-118.1034,2.1,1.4,100,352.9,0,1,1
59.45761,-114.30682,0.46,0.39,66,3.73,0,0,0
58.68027,-121.12379,0.47,0.48,66,8.93,0,0,0
58.7901,-120.57541,0.49,0.48,66,13.0,0,0,0
61.06313,-112.31626,0.47,0.4,100,10.14,0,1,0
58.53092,-118.02169,0.53,0.67,66,6.13,0,1,0
61.05709,-112.35147,0.34,0.56,100,46.7,0,1,0
58.6082,-118.4944,2.0,1.4,10,21.2,0,0,1
58.497,-118.2873,2.4,1.5,100,157.2,0,1,1
59.81615,-115.21559,0.43,0.62,66,164.46,0,1,0
58.53861,-121.78004,0.53,0.67,66,4.99,0,1,0
59.35727,-123.09521,0.39,0.44,66,3.58,0,0,0
59.5068,-112.8062,2.1,1.4,34,11.4,1,1,1
58.07594,-121.66462,0.48,0.48,66,1.69,0,0,0
58.54712,-121.5664,0.71,0.75,66,15.1,0,1,0
57.56826,-120.3931,0.64,0.72,66,2.68,0,1,0
58.3375,-120.4736,1.9,1.4,60,50.1,0,1,1
58.55618,-121.71332,0.46,0.47,66,5.32,0,0,0
59.7603,-113.6745,2.0,1.4,42,53.6,1,1,1
58.2983,-119.4318,2.2,1.4,100,390.1,0,1,1
58.6545,-120.5714,1.7,1.3,100,165.3,0,1,1
58.66482,-121.04269,0.38,0.36,66,16.77,0,1,0
56.1041,-105.301,1.0,1.0,64,9.5,0,0,1
58.74656,-120.14344,0.45,0.47,66,14.12,0,0,0
57.2242,-120.7065,1.0,1.0,39,6.5,1,0,1
58.64763,-120.19658,0.39,0.36,66,1.38,0,1,0
58.0272,-119.8532,2.0,1.4,55,61.6,0,1,1
58.56378,-121.57732,0.71,0.75,66,11.04,0,1,0
58.829,-120.478,2.0,1.4,0,43.6,0,1,1
58.78281,-118.13782,0.38,0.44,66,19.48,0,0,0
59.72676,-113.61911,0.37,0.58,66,38.34,1,0,0
58.656,-117.9869,2.1,1.4,91,42.9,0,0,1
58.17348,-120.29104,0.61,0.71,66,10.99,0,1,0
61.035,-112.17,2.0,1.4,0,94.5,1,1,1
58.7252,-121.6736,1.8,1.3,91,81.9,0,1,1
58.4263,-121.5571,0.5,0.49,66,6.24,0,0,0
59.3467,-121.2881,1.6,1.2,99,53.2,0,1,1
59.3814,-114.0058,2.3,1.5,42,19.3,1,0,1
58.4768,-118.2378,2.4,1.5,38,61.9,0,1,1
59.35019,-121.54385,0.51,0.49,66,18.86,0,0,0
59.54523,-114.50301,0.39,0.6,66,5.6,1,1,0
58.7318,-121.016,1.9,1.3,100,102.7,0,0,1
58.96181,-114.66416,0.41,0.6,66,1.51,0,1,0
57.5558,-120.4609,1.9,1.3,98,114.4,0,1,1
58.46723,-118.35972,0.55,0.68,66,3.98,0,1,0
59.7116,-115.317,2.5,1.5,96,93.0,0,1,1
59.69468,-114.36263,0.35,0.56,66,11.46,0,0,0
58.7272,-121.6437,1.8,1.3,86,31.7,0,1,1
59.76682,-115.26133,0.41,0.37,66,9.67,1,1,0
59.34809,-121.32648,0.38,0.36,66,2.05,0,1,0
58.34947,-119.48688,0.6,0.71,66,4.88,0,1,0
58.5259,-121.8142,2.7,1.6,100,370.9,0,1,1
61.08751,-112.32562,0.34,0.56,66,5.89,0,0,0
60.86679,-120.16188,0.38,0.36,66,1.25,0,1,0
58.3239,-120.7007,1.9,1.3,88,32.5,0,0,1
58.07051,-119.74391,0.43,0.46,66,8.06,0,0,0
58.7337,-120.984,1.9,1.3,94,60.5,0,0,1
57.633,-120.3908,2.6,1.5,25,29.4,0,1,1
58.21529,-120.33372,0.52,0.5,66,3.57,0,0,0
59.7076,-115.3774,3.2,1.7,17,46.4,0,0,1
58.6819,-117.9405,2.5,1.5,100,149.4,0,0,1
58.4348,-118.5506,2.0,1.4,44,20.6,0,0,1
55.95246,-103.6931,0.54,0.51,66,62.63,1,1,0
58.7217,-121.1662,2.5,1.5,79,33.6,0,0,1
58.6993,-121.192,2.5,1.5,70,56.0,0,0,1
61.22274,-119.66003,0.46,0.47,66,6.59,0,0,0
58.9068,-120.4467,2.7,1.6,52,141.8,0,0,1
60.14614,-111.18337,0.41,0.37,66,1.43,0,0,0
58.7067,-120.6142,1.9,1.4,100,765.5,0,1,1
59.1194,-114.2296,2.8,1.6,48,24.3,1,1,1
58.02745,-119.75291,0.62,0.71,66,40.99,0,1,0
58.82757,-120.56292,0.46,0.47,100,21.08,0,0,0
59.57294,-114.49352,0.35,0.57,66,2.21,0,0,0
59.66917,-114.32397,0.46,0.39,100,64.81,0,0,0
58.3408,-120.7094,1.9,1.3,36,55.6,0,0,1
58.46302,-118.15456,0.41,0.37,66,1.39,0,1,0
58.5176,-118.2907,2.0,1.4,100,0.0,0,1,1
58.13446,-118.61439,0.39,0.44,66,6.52,0,0,0
59.7229,-115.3774,3.2,1.7,100,102.5,0,0,1
59.51682,-114.02731,0.45,0.39,66,0.83,0,0,0
58.7671,-120.6275,1.9,1.4,100,911.2,0,1,1
59.766,-113.6694,1.3,1.1,74,12.1,0,1,1
58.78801,-118.00515,0.57,0.43,66,2.33,0,0,0
59.47342,-114.07611,0.39,0.59,100,7.06,0,1,0
58.2383,-121.74774,0.56,0.43,66,6.72,1,0,0
59.56494,-114.51679,0.4,0.6,66,12.27,0,1,0
60.551,-110.7702,2.2,1.4,0,53.1,1,0,1
61.1375,-121.032,2.0,1.4,100,539.1,0,0,1
57.0814,-100.2494,4.0,1.9,97,145.7,0,0,1
59.5313,-115.4774,3.0,1.6,80,113.7,1,1,1
58.6338,-120.5279,1.8,1.3,16,26.1,0,0,1
